<?xml version="1.0" encoding="UTF-8"?>
<addon id="plugin.video.hrmediathek" name="HR Mediathek" version="1.1.3.1" provider-name="68000a">
    <requires>
        <import addon="xbmc.python" version="3.0.0"/>
        <import addon="script.module.libhr" version="1.9.3"/>
    </requires>
    <extension point="xbmc.python.pluginsource" library="default.py">
        <provides>video</provides>
    </extension>
    <extension point="xbmc.addon.metadata">
        <platform>all</platform>
        <language>de</language>
        <license>GNU GENERAL PUBLIC LICENSE. Version 2, June 1991</license>
        <source>https://github.com/prof-membrane/plugin.video.hrmediathek</source>
        <summary lang="en">This is an add-on for http://www.hr-online.de/website/fernsehen/sendungen/.</summary>
        <description lang="en">This add-on provides access to the German VOD platform http://www.hr-online.de/website/fernsehen/sendungen/.</description>
        <summary lang="de">Vergangene Sendebeiträge der HR Mediathek.</summary>
        <description lang="de">Dieses Add-on bietet Zugriff auf vergangene Beiträge des HR.</description>
        <disclaimer lang="de">Dieses Add-on wird von keiner Sendeanstalt unterstützt und ist daher inoffiziell.</disclaimer>
    </extension>
</addon>
