<?xml version="1.0" encoding="UTF-8"?>
<addon id="plugin.video.artemediathek" name="Arte Mediathek" version="1.0.9.1" provider-name="68000a">
    <requires>
        <import addon="xbmc.python" version="3.0.0"/>
        <import addon="script.module.libarte" version="1.0.18.1" provider-name="68000a"/>
    </requires>
    <extension point="xbmc.python.pluginsource" library="default.py">
        <provides>video</provides>
    </extension>
    <extension point="xbmc.addon.metadata">
        <platform>all</platform>
        <language>de</language>
        <license>GNU GENERAL PUBLIC LICENSE. Version 2, June 1991</license>
    </extension>
</addon>
