<?xml version="1.0" encoding="UTF-8" standalone="yes"?>
<addon id="script.module.lib3sat" name="lib3sat" version="1.2.8" provider-name="68000a">
  <requires>
    <import addon="xbmc.python" version="3.0.0" />
    <import addon="script.module.libmediathek3" version="1.5.18"/>
    <import addon="script.module.beautifulsoup4" version="4.5.3"/>
    </requires>
  <extension point="xbmc.python.module" library="lib" />
  <extension point="xbmc.addon.metadata">
    <platform>all</platform>
    <summary lang="en">Scraper library for the 3sat Mediathek http://www.3sat.de/mediathek/.</summary>
    <description lang="en">Scraper library for the 3sat Mediathek http://www.3sat.de/mediathek/.</description>
  </extension>
</addon>
