<?xml version="1.0" encoding="UTF-8" standalone="yes"?>
<addon id="script.module.libard.matrix" name="libard" version="5.1.43" provider-name="68000a">
  <requires>
    <import addon="xbmc.python" version="3.0.0"/>
    <import addon="script.module.libmediathek3.matrix" version="1.5.34" provider-name="68000a"/>
  </requires>

  <extension point="xbmc.python.module" library="lib" />
  <extension point="xbmc.addon.metadata">
    <platform>all</platform>
    <license>GNU GENERAL PUBLIC LICENSE. Version 2, June 1991</license>
    <source>https://github.com/68000a/Gigathek/tree/master/code/script.module.libard</source>
    <summary lang="en">This is a scraper for http://www.ardmediathek.de/tv.</summary>
    <description lang="en">This is a scraper for http://www.ardmediathek.de/tv.</description>
  </extension>
</addon>