<?xml version="1.0" encoding="UTF-8" standalone="yes"?>
<addon id="script.module.libarte.matrix" name="libarte" version="1.0.27" provider-name="68000a">
  <requires>
    <import addon="xbmc.python" version="3.0.0"/>
    <import addon="script.module.libmediathek3.matrix" version="1.5.34" provider-name="68000a"/>
  </requires>
  <extension point="xbmc.python.module" library="lib" />
  <extension point="xbmc.addon.metadata">
    <platform>all</platform>
    <summary lang="en">This is a scraper for http://arte.tv.</summary>
    <description lang="en">This is a scraper for http://arte.tv.</description>
  </extension>
</addon>