<?xml version="1.0" encoding="UTF-8" standalone="yes"?>
<addon id="script.module.libhr" name="libhr" version="1.9.5.1" provider-name="68000a">
  <requires>
    <import addon="xbmc.python" version="2.25.0" />
    <import addon="script.module.libmediathek3" version="1.5.0"/>
    <import addon="script.module.beautifulsoup4" version="4.5.3"/>
  </requires>
  <extension point="xbmc.python.module" library="lib" />
  <extension point="xbmc.addon.metadata">
    <platform>all</platform>
    <license>GNU GENERAL PUBLIC LICENSE. Version 2, June 1991</license>
    <source>https://github.com/prof-membrane/script.module.libhr</source>
    <summary lang="en">This is a scraper for the HR Mediathek (http://www.hr-online.de/website/fernsehen/sendungen/).</summary>
    <description lang="en">This is a scraper for the HR Mediathek (http://www.hr-online.de/website/fernsehen/sendungen/).</description>
  </extension>
</addon>
