<?xml version="1.0" encoding="UTF-8" standalone="yes"?>
<addon id="script.module.libdaserste" name="libdaserste" version="1.1.6" provider-name="68000a">
  <requires>
    <import addon="xbmc.python" version="3.0.0" />
    <import addon="script.module.libmediathek3" version="1.5.18"/>
  </requires>
  <extension point="xbmc.python.module" library="lib" />
  <extension point="xbmc.addon.metadata">
    <platform>all</platform>
    <platform>all</platform>
    <summary lang="en">This is a scraper for the Das Erste Mediathek (http://mediathek.daserste.de/).</summary>
    <description lang="en">This is a scraper for the Das Erste Mediathek (http://mediathek.daserste.de/). It uses the JSON interface of the Android app.</description>
  </extension>
</addon>
