<?xml version="1.0" encoding="UTF-8" standalone="yes"?>
<addon id="script.module.libsr" name="libsr" version="2.0.4.1" provider-name="68000a">
  <requires>
    <import addon="xbmc.python" version="3.0.0"/>
    <import addon="script.module.libmediathek3" version="1.5.18.1" provider-name="68000a"/>
  </requires>
  <extension point="xbmc.python.module" library="lib" />
  <extension point="xbmc.addon.metadata">
    <platform>all</platform>
    <license>GNU GENERAL PUBLIC LICENSE. Version 2, June 1991</license>
    <source>https://github.com/68000a/Gigathek/tree/master/code/script.module.libsr</source>
    <summary lang="en">This is a scraper for the SR Mediathek (http://www.sr-mediathek.de/).</summary>
    <description lang="en">This is a scraper for the SR Mediathek (http://www.sr-mediathek.de/). It uses the HbbTV JSON API.</description>
  </extension>
</addon>
