<?xml version="1.0" encoding="UTF-8" standalone="yes"?>
<addon id="script.module.libkika.matrix" name="libkika" version="2.0.6" provider-name="68000a">
  <requires>
    <import addon="xbmc.python" version="3.0.0"/>
    <import addon="script.module.libmediathek3.matrix" version="1.5.23" provider-name="68000a"/>
  </requires>
  <extension point="xbmc.python.module" library="lib" />
  <extension point="xbmc.addon.metadata">
    <platform>all</platform>
    <license>GNU GENERAL PUBLIC LICENSE. Version 2, June 1991</license>
    <source>https://github.com/68000a/Gigathek/tree/master/code/script.module.libkika</source>
    <summary lang="en">This is a scraper for the KiKa Mediathek (http://www.kika.de).</summary>
    <description lang="en">This is a scraper for the KiKa Mediathek (http://www.kika.de).</description>
  </extension>
</addon>