<?xml version="1.0" encoding="UTF-8" standalone="yes"?>
<addon id="script.module.libdaserste.matrix" name="libdaserste" version="1.1.6.1" provider-name="68000a">
  <requires>
    <import addon="xbmc.python" version="3.0.0"/>
    <import addon="script.module.libmediathek3.matrix" version="1.5.18.1" provider-name="68000a"/>
  </requires>
  <extension point="xbmc.python.module" library="lib" />
  <extension point="xbmc.addon.metadata">
    <platform>all</platform>
    <platform>all</platform>
    <summary lang="en">This is a scraper for the Das Erste Mediathek (http://mediathek.daserste.de/).</summary>
    <description lang="en">This is a scraper for the Das Erste Mediathek (http://mediathek.daserste.de/). It uses the JSON interface of the Android app.</description>
  </extension>
</addon>