<?xml version="1.0" encoding="UTF-8" standalone="yes"?>
<addon id="script.module.libmediathek3.matrix" name="libmediathek3" version="1.5.30" provider-name="68000a">
  <requires>
    <import addon="xbmc.python" version="3.0.0"/>
  </requires>
  <extension point="xbmc.python.module" library="lib" />
  <extension point="xbmc.addon.metadata">
    <platform>all</platform>
    <license>GNU GENERAL PUBLIC LICENSE. Version 2, June 1991</license>
    <source>https://github.com/68000a/Gigathek/tree/master/code/script.module.libmediathek3</source>
    <summary lang="en">Supplementary lib for Mediathek add-ons.</summary>
    <description lang="en">This lib is a mini framework. It is used in following "Mediathek" Scrapers: 3sat, ARD, BR, Das Erste, SR, WDR, ZDF.</description>
  </extension>
</addon>